State,MigrationPer1000
NSW,11.27856
VIC,13.21064
QLD,9.65649
SA,9.87464
WA,13.66081
TAS,5.52335
NT,12.41838
ACT,9.96486